check_id,legal_converted_amount,courtesy_amount,verification_status,matches_ground_truth,courtesy_true,part_c_prediction_text
ac03000,10000,10000,verified,true,10000,عشره الاف ريال فقط لا غير
ac03001,5000,500,failed,false,5000,خمس لاف ريال فقط
ac03003,5000,5000,verified,true,5000,خمسه الاف ريال لا غير
ac03005,17395,1733587,failed,true,1733587,فقط سبعه عشر الف وثاثماه ومسه وثاثون ريال وسون ريل لا غير
ac03006,1000,1000,verified,true,1000,فقط الف ريال لا غير
ac03007,2000,12000,failed,true,12000,اثن الف ريال قط لا غير
ac03008,450,450,verified,true,450,فقط اربعمايه وخمسون ريال لا غير
ac03014,2800,2800,verified,true,2800,فقط الفان وثمانمايه ريال لا غير
ac03015,25000,25000,verified,true,25000,فقط خمسه وعشرون الف ريال لا غير
ac03020,3605,3605,verified,true,3605,فقط ثلاثه الاف وستمايه وخمسه ريال لا غير
ac03021,1000,2000,failed,true,2000,الف ريال فقط لا غير
ac03023,6000,5000,failed,true,5000,وقده خمسه الاف ريال لا غير
ac03025,1475,1475,verified,true,1475,الف واربعمايه وخمسه وسبعون ريال لا غير
ac03027,95000,95000,verified,true,95000,فقط خمسه وتسعون الف ريال لا غير
ac03035,500,500,verified,true,500,فقط خمسمايه ريال لا غير
ac03040,28000,28000,verified,true,28000,ثمانيه وعشرون الف ريال لا غير
ac03041,12500,12500,verified,true,12500,اثني عشر الف وخمسمايه ريال لا غير
ac03043,510,7500,failed,false,1500,عشره وخمسمايه ريال لا غير
ac03044,3000,3000,verified,true,3000,ثلاثعه الاف ريال فقط لا غير
ac03045,300,300,verified,true,300,فقط ثلاثمايه ريال
ac03046,3000,300,failed,false,3000,ثلاثه الاف ريال فقط
ac03047,1100,10000,failed,false,100000,مايه الف ريال فقط
ac03048,1152,1152,verified,true,1152,فقط الف ومايه واثنان وخمسون ريال لا غير
ac03049,516,516,verified,true,516,خمسمايه وسته عشر ريال لا غير
ac03057,6000,6000,verified,true,6000,سته الاف ريال سعوقط لا غير
ac03059,3148,3148,verified,true,3148,فقط ثلاثه الف ومايه وثمانيه واربعون ريال لا غير
ac03060,80000,80000,verified,true,80000,ثمانون الف ريال فقط لا غير
ac03063,800,800,verified,true,800,ثمانيمايه ريال لا غير
ac03065,39000,39000,verified,true,39000,تسعه وثلاثون الف ريال لا غير
ac03066,4200,4200,verified,true,4200,فقط اربعه الاف ومايتين ريال لاغي
ac03067,6360,6860,failed,true,6860,سته الاف وثاثايه وستون ريال
ac03069,3080,3080,verified,true,3080,ثلاثه الاف وثمانون ريال
ac03071,8,200,failed,true,200,فقط ثمايان ريال لا غير
ac03072,596,596,verified,true,596,فقط خمسمايه سته وتسعون ريال لا غير
ac03074,2000,2000,verified,true,2000,الفان ريال فقط لا غير
ac03077,2646,2646,verified,true,2646,الفين وستمايه وسته واربعون ريال
ac03082,1000,1000,verified,true,1000,الف ريال لا غير
ac03084,426014,426516,failed,true,426516,فقط اربعمايه وسته وعشرون الف وخمانيه وسته عشريال
ac03086,7000,1000,failed,true,1000,سبعه الاف ريال
ac03087,1003,1300,failed,true,1300,الف وثلاث ريال
ac03088,750,750,verified,true,750,سبعمايه وخمسون ريال لا غير
ac03089,15000,15000,verified,true,15000,خمسه عشر الف ريال فقط ير
ac03094,600000,600000,verified,true,600000,سبمايه الف ريال فقط
ac03095,20000,20000,verified,true,20000,عشرون الف ريال لا غير
ac03099,1600,1600,verified,true,1600,الف وستمايه ريال لا غير
ac03100,12000,12000,verified,true,12000,اثنا عشر الف ريال
ac03101,1900,116000,failed,false,1600,فقط الف وسعمايه ريال
ac03102,3000,3000,verified,true,3000,فقط ثلاثه الاف ريال لا غير
ac03103,14440,14440,verified,true,14440,اربعه عشر الف واربعمايه واربعون ريال لا غير
ac03104,420,400,failed,false,420,فقط اربعمايه وعشرون ريالا لا غير
ac03105,6334,6334,verified,true,6334,سته الاف وثلاثمايه واربعه وثلاثون ريال لا غير
ac03106,5000,5000,verified,true,5000,خمسه الاف ريال فقط
ac03107,25000,25000,verified,true,25000,فقط خمسه وعشرون الف ريال لا غير
ac03108,14000,14000,verified,true,14000,فقط اربعه عشر الف ريال لا غير
ac03109,14408,14408,verified,true,14408,اربعه عشر الف واربعمايه وثمانيه ريال لا غير
ac03112,570,570,verified,true,570,خمسمايه وسبعون ريال فقط
ac03114,2750,2750,verified,true,2750,الفان وسبعمايه وخمسون ريال لا غير
ac03116,1420,1425,failed,true,1425,اقد الف واربعمايه وعشرون ريال لا غير
ac03117,12750,12750,verified,true,12750,اثن عشر الف وسبعمايه وخمسون ريال
ac03120,300000,300000,verified,true,300000,ثلاثمايه الف ريال لا غير
ac03121,1800,1800,verified,true,1800,الف وثمانمايه ريال فقط لا غير
ac03122,5727,5727,verified,true,5727,خمسه الاف وسبعمايه وسبعه وعشرون ريال لا غير
ac03125,3000,3000,verified,true,3000,ثلاثه الاف ريال لا غير
ac03126,70000,70000,verified,true,70000,سبعون الف ريال لا غير
ac03129,714,714,verified,true,714,فقط سبعمايه واربعه عشر ريال لا غير
ac03133,2450,2450,verified,true,2450,وقدره الفان واربعمايه وخمسون ريال لا غير
ac03134,20000,20000,verified,true,20000,خقعشرون الف ريال لا غير
ac03138,10000,10000,verified,true,10000,فقط عشره الاف ريال لا غير
ac03142,8000,8000,verified,true,8000,ثمانيه الاف ريال فقط لا غير
ac03143,3844,3841,failed,false,3844,فقطثلاثه الاف وثمانمايه واربعه واربعون ريال لا غير
ac03146,1000,1000,verified,true,1000,الف ريال فقط لا غير
ac03147,1187,1187,verified,true,1187,فقط الف وايه وسبعه وثمانون ريال
ac03148,3382,3382,verified,true,3382,فقط ثلاثه الاف وثلاثمايه واثنان وثمانون ريال
ac03149,900000,900000,verified,true,900000,فقط تسعمايه الف ريال لا غير
ac03150,1241,1241,verified,true,1241,فقط الف وميتان واحد واربعون ريال لا غير
ac03153,7950,7950,verified,true,7950,سبعه الاف وتسعمايه وخمسون ريال لا غير
ac03154,30000,30000,verified,true,30000,فقط ثلاثون الف ريال لا غير
ac03159,3000,3000,verified,true,3000,ثلاثه الاف ريال سعوري لاغير
ac03160,3450,3450,verified,true,3450,ثلاثه الاف و اربعمايه وخمسون ريال لا غير
ac03162,35000,35000,verified,true,35000,فقط خمسه وثلاثون الف ريال لا غير
ac03163,1200,1200,verified,true,1200,الف ومايتن ريال فقط
ac03166,20000,20000,verified,true,20000,عشرون الف ريال لا غير
ac03167,1315,1315,verified,true,1315,الف وثلاثمايه وخمسه عشر ريال
ac03168,5000,5000,verified,true,5000,فقط خمسه الاف ريال سعوريال لا غير
ac03170,1100,100000,failed,true,100000,فقط مايه الف ريال
ac03176,1008,1200,failed,true,1200,فقط الف وماين ريال لا غير
ac03184,300,300,verified,true,300,فقط ثلاثمايه ريال سعولا غير
ac03187,1400,1400,verified,true,1400,فقط الف واربعمايه ريال لا غير
ac03188,5500,5500,verified,true,5500,فقط خمسه الاف وخمسمايه ريال لا غير
ac03189,9000,99000,failed,false,9000,تسعه الاف ريال فقط
ac03191,1100,1100,verified,true,1100,الف ومايه ريال لا غير
ac03195,900,900,verified,true,900,تسعمايه ريال لا غير
ac03202,6500,66500,failed,false,6500,سته الاف وخمسمايه ريال فقط
ac03204,7095,795,failed,false,7095,سبعه الاف وخمسه وتسعون ريال لا غير
ac03208,37000,437000,failed,false,37000,سبعه وثلاثون الف ريال قط لا غير
ac03209,30000,30000,verified,true,30000,ثلاثون الف ريال
ac03210,1000,1000,verified,true,1000,فقط الف ريال لا غير
ac03212,50000,50000,verified,true,50000,فقط خمسون الف ريال لا غير
ac03213,500,500,verified,true,500,فقط خمسمايه ريال لا غير
ac03214,2620,2720,failed,true,2720,فقط الفان وستمايه وعشرون ريال لا غير
ac03215,14450,14450,verified,true,14450,اربعه عشر الف واربعمايه وخمسون ريال
ac03216,9250,9250,verified,true,9250,تسعه الاف وميتان ومسون ريال لا غير
ac03218,32000,32000,verified,true,32000,اثنان وثلاثون الف ريال فقط
ac03219,80144,80144,verified,true,80144,ثمانون الف ومايه واربع واربعون ريال قط
ac03220,4080,4080,verified,true,4080,اربعه الاف وثمانون ريال لا غير
ac03222,6139,6139,verified,true,6139,سته الاف ومايه وتسعه وثلاثون ريال
ac03225,9954,9954,verified,true,9954,تسعه الاف وتسعمايه واربعه وخمسون ريال لا غير
ac03226,720,720,verified,true,720,فقط سبعماه وعشرون ريال لا غير
ac03227,300000,30000,failed,false,300000,فقط ثلاثمايه الف ريال لا غير
ac03231,295,295,verified,true,295,مايتان وخمسيه وتسعون ريال
ac03232,4500,4500,verified,true,4500,اربعه الاف وخمسمايه ريال لا غير
ac03233,15153,15153,verified,true,15153,خمسه عشر الف ومايه وثلاثه وخمسون ريال لا غير
ac03236,1000,30000,failed,true,30000,وقدرهثلاثون الف ريال فقط
ac03237,557,557,verified,true,557,خمسمايه وسبعه وخمسون ريال لا غير
ac03238,10000,1000,failed,false,10000,عشره الاف ريال قط
ac03239,2500,2500,verified,true,2500,الفان وخمسمايه ريال لا غير
ac03241,10035,1035,failed,true,1035,وقره الف وخمسه وثلاثون ريال
ac03243,252,2252,failed,true,2252,فقط لين ومايتين واثن وخمسون ريال لا غير
ac03244,10000,10000,verified,true,10000,وقدره عشره الاف ريال فقط لا غير
ac03245,1800,2800,failed,true,2800,الفا وثمانمايه ريال لا غير
ac03247,8910,8910,verified,true,8910,ثمانيه الف وتسعمايه وعشره ريال فقط لا غير
ac03249,5000,5000,verified,true,5000,فقط خمسه الاف ريال لا غير
ac03250,1850,2850,failed,true,2850,فقط الفا وثمانمايه وخمسون ريال لا غير
ac03253,1805,2802,failed,false,2805,الفن وثمانمايه وخمسه ريال لا غير
ac03254,800,800,verified,true,800,ثمانمايه ريال لا غير
ac03255,5120,5520,failed,true,5520,خمسه الاف وخمايه وعشرون ريال لا غير
ac03256,2008,1000,failed,true,1000,الف ال ثمان ريال
ac03257,5925,5925,verified,true,5925,فقط خمسه الاف وتسعمايه وخمسه وعشرون ريال لا غير
ac03263,10000,10000,verified,true,10000,فقط عشره الف ريال لا غير
ac03265,2500,2500,verified,true,2500,الفان وخمسمايه ريال لا غير
ac03266,1000,10000,failed,true,10000,فقط سه والافن ريال ف لا غير
ac03267,21099,21099,verified,true,21099,فقط احد وعشرون الف وتسعه وتسعون ريال لا غير
ac03268,15000,15000,verified,true,15000,فقط خمسه عشر الف ريال لا غير
ac03269,9000,9000,verified,true,9000,فقط تسعه الاف ريال لا غير
ac03271,400000,400000,verified,true,400000,فقط اربعمايه الف ريال لا غير
ac03272,1000,1000,verified,true,1000,فقط الف ريال لا غير
ac03273,7500,7500,verified,true,7500,سبعه الاف وخمسمايه ريال
ac03274,5000,5000,verified,true,5000,فقط خمسه الاف ريال لا غير
ac03275,4151,4151,verified,true,4151,فقط اربعه الاف ومايه واحد وخمسون ريال
ac03278,730,730,verified,true,730,فقط سبعمايه وثلاثون ريال لا غير
ac03279,3000,3100,failed,false,3000,فقط ثلاثه الاف ي
ac03282,5145,5145,verified,true,5145,خمسه الاف ومايه وخمسه واربعون ريال
ac03284,14810,68820,failed,true,68820,فقط ثمانيه وستن الف وثمنمايه وعشرن ريال لا غير
ac03285,600,600,verified,true,600,فقط ستمايه ريال لا غير
ac03286,18100,18100,verified,true,18100,فقط ثمانيه عشرالف ومايه ريال لا غير
ac03288,2500,2500,verified,true,2500,فقط الفان وخمسمايه ريال لا غير
ac03289,11328,11328,verified,true,11328,احد عشر الف وثلاثمايه وثمانيه وعشرون ريالا غير
ac03290,40000,400000,failed,false,40000,فقط اربعون الف ريال لا غير
ac03292,5145,5145,verified,true,5145,خمسه الاف ومايه وخمسه واربعون ريال فقط
ac03293,6000,6000,verified,true,6000,سته الاف ريال قط
ac03296,31400,31400,verified,true,31400,فقط احد وثلاثون الف واربعمايه ريال لا غير
ac03297,15000,15000,verified,true,15000,خمسه عشر الف ريال فقط لا غير
ac03298,30000,30000,verified,true,30000,فقط ثلاثون الف ريال لا غير
ac03299,16000,16000,verified,true,16000,سته عشر الف ريال فقط لا غير
ac03302,1900,6900,failed,false,1900,وقدره الف وتسعمايه ريال لا غير
ac03304,187,187,verified,true,187,مايه وسبعه وثمانون ريال لا غير
ac03308,2040,2040,verified,true,2040,الفين واربعون ريال لا غير
ac03311,6000,6000,verified,true,6000,فقط سته الاف ريال لا غير
ac03316,16643,16643,verified,true,16643,سته وعشر الف و ستميه وثلاثه واربعون ريال
ac03318,10682,1682,failed,false,10682,عشره الاف و ستمايه واثن وثمانون ريال
ac03321,100,100,verified,true,100,مايه ريال سعوريلا غير
ac03322,3300,3300,verified,true,3300,فقط ثلاثه الاف وثلاثمايه ريال لا غير
ac03328,514,1514,failed,true,1514,فقف وخمسمايه واربعه عشر ريال لا غير
ac03329,10000,10000,verified,true,10000,ععشره الاف ريال لا غير
ac03330,4000,4000,verified,true,4000,اربعن الف ريال فقط لا غير
ac03331,400,400,verified,true,400,اربعمايه ريال لا غير
ac03333,2500,2500,verified,true,2500,فقط الفان وخمسمايه ريال لا غير
ac03334,3008,32000,failed,false,3200,ثلاثه الاف وماين ريال لا غير
ac03337,10000,10000,verified,true,10000,فقط عشره الف ريال
ac03338,10000,12000,failed,true,12000,ثنعشر الف ريال فقط لا غير
ac03341,500,500,verified,true,500,خمسمايه ريال فقط لا غير
ac03342,1000,10000,failed,true,10000,عون الاف ريال
ac03344,5000,5000,verified,true,5000,فقط خمسه الاف ريال لا غير
ac03348,500,500,verified,true,500,خمسمايه ريال فقط
ac03349,4875,4895,failed,true,4895,فقط اربعه الاف وثمانمايه وخمسه وسبعون ريال
ac03350,1044,1044,verified,true,1044,الف واربعه واربعون ريال لا غير
ac03351,10290,10290,verified,true,10290,فقط عشره الاف وميتان وتسعون ريال لا غير
ac03354,10000,10000,verified,true,10000,عشره الاف ريال فقط لا غير
ac03360,1670,1175,failed,true,1175,الف ومايته وخمسمايه وسبعون ريال
ac03361,3062,3062,verified,true,3062,فقط ثلاثه الاف واثنان وستون ريال لا غير
ac03366,3535,3535,verified,true,3535,ثلاثه الاف وخمسمايه وخمسه وثلاثون ريال فقط
ac03367,1000,4000,failed,true,4000,قط ل الط
ac03371,5145,5145,verified,true,5145,خمسه الاف ومايه وخمسه واربعون ريال
ac03374,2008,2800,failed,true,2800,الفيه وثانمانيه ريال لا غير
ac03378,24072,24072,verified,true,24072,اربعه وعشرون الف واثنان وسبعون ريال فقط
ac03379,5000,5000,verified,true,5000,فقط خمسه الاف ريال لا غير
ac03380,1100,1100,verified,true,1100,فقط الف ومايه ريال لا غير
ac03381,10000,10000,verified,true,10000,فقط عشره الاف ريال لا غير
ac03384,50000,50000,verified,true,50000,خمسون الف ريال لا غير
ac03387,15000,15000,verified,true,15000,فقط خمسه عشر الف ريال لا غير
ac03388,7000,7000,verified,true,7000,سبعه الف ريال لا غير
ac03389,14000,14000,verified,true,14000,فقط اربعه عشر الف ريال لا غير
ac03392,6200,6200,verified,true,6200,سته الاف وميتان ريال لا غير
ac03393,1000,5000,failed,true,5000,وقدرهخمسه الاف ريال فقط لا غير
ac03394,10000,40000,failed,false,10000,وقدره عشره الاف ريال فقط لا غير
ac03395,4000,4000,verified,true,4000,اربعه الاف ريال لا غير
ac03396,900,900,verified,true,900,تسعمايه ريال لا غير
ac03398,3000,3000,verified,true,3000,ثلاثه الاف ريال لا غير
ac03400,1988,1988,verified,true,1988,الف وتسعمايه وثمانيه وثمانون ريال
ac03401,1000,2000,failed,true,2000,الف ريال لا غير
ac03402,1000,1000,verified,true,1000,قالف ريال لا غير
ac03403,1000,500000,failed,false,50000,فقط عه الف ريال لا غير
ac03404,1000,1000,verified,true,1000,الف ريال قط لا غير
ac03405,16500,16500,verified,true,16500,فقط سته عشر الف وخمسمايه ريال لا غير
ac03408,2560,2560,verified,true,2560,الفين وخمسمايه وستون يل
ac03410,9,20160,failed,true,20160,فقط مان واحد ريال وسو لهل لا غير
ac03414,3000,3000,verified,true,3000,فقط ثلاثه الاف ريال لا غير
ac03415,20000,20000,verified,true,20000,عشرون الف ريال فقط لا غير
ac03418,1500,1500,verified,true,1500,الف وخمسمايه ريال لا غير
ac03423,550,550,verified,true,550,خمسمايه وخمسون ريال
ac03426,13750,13750,verified,true,13750,ثلاثه عشر الف وسبعمايه وخمسون ريال لا غير
ac03427,2500,2500,verified,true,2500,الفان وخمسمايه ريال لا غير
ac03428,2800,2800,verified,true,2800,الفان وثمان مايه ريال عودقط لا غير
ac03430,7305,7305,verified,true,7305,فقط سبعه الاف ثلاثماه وخمسه ريال لا غير
ac03432,84000,84000,verified,true,84000,فقط اربعه وثمانون الف ريال لا غير
ac03436,18003,18300,failed,true,18300,فقط ثمانيه عشر الف وثلاثيه ريال لا غير
ac03437,1048,1240,failed,true,1240,فقط الف ومتان واربعون ريال لا غير
ac03438,19073,19073,verified,true,19073,فقط تسعه عشر الف وثلاثه وسبعون ريالا لا غير
ac03444,4607,4607,verified,true,4607,فقط اربعه الاف وستمايه وسبعه ريال لا غير
ac03445,87000,87000,verified,true,87000,سبعه وثمانون الف ريال فقط لا غير
ac03446,1850,1850,verified,true,1850,الف وثمانمايه وخمسون ريال فقط
ac03448,1000,1000,verified,true,1000,وقدره الف ريال لا غير
ac03449,20000,20000,verified,true,20000,فقط عشرون الف ريال لا غير
ac03450,21000,21000,verified,true,21000,فقط واحد وعشرون الف ريال لا غير
ac03451,2779,2779,verified,true,2779,الفان وسبعمايه وتسعه وسبعون ريال لا غير
ac03453,3910,390,failed,false,3910,فقط ثلاثه الاف و تسعمايه وعشر ريال لا غير
ac03454,2952,2952,verified,true,2952,فقط الفين وتسعمايه واثنين وخمسون ريال لا غير
ac03455,24000,24000,verified,true,24000,اربعه وعشون الف ريال لا غير
ac03458,1080,1080,verified,true,1080,الف وثمانون ريال لا غير
ac03461,5600,5600,verified,true,5600,خمسه الف وستمايه ريال لا غير
ac03463,15000,15000,verified,true,15000,فقط خمسه عشر الف ريال لا غير
ac03464,7000,70000,failed,true,70000,سبعه الاف ريال لا غير
ac03465,500000,500000,verified,true,500000,خمسمايه الف ريال فقط لا غير
ac03467,500000,500000,verified,true,500000,خمسمايه الف ريال لا غير
ac03468,50100,150000,failed,true,150000,مايه وخمسون الف ريال فقط لا غير
ac03469,1000,2000,failed,true,2000,الف فريال
ac03470,2000,2000,verified,true,2000,فقط الفين ريال لا غير
ac03471,10000,10000,verified,true,10000,فقط عشره الاف ريال لا غير
ac03474,3411,3416,failed,false,3411,فقط ثلاثه الف واربعمايه واحد عشره ريال
ac03476,50000,50000,verified,true,50000,فقط خمسون الف ريال لا غير
ac03479,50000,50000,verified,true,50000,خمسون الف ريال لا غير
ac03480,7500,7500,verified,true,7500,فقط سبعه الاف وخمسمايه ريال لا غير
ac03481,1350,1350,verified,true,1350,فقط الف وثلاثمايه وخمسون ريال لا غير
ac03483,4000,4000,verified,true,4000,اربعه الاف ريال
ac03484,1800,11800,failed,false,1800,الف وثمانمايه ريال فقط لا غير
ac03485,50000,50000,verified,true,50000,خمسون الف ريال لا غير
ac03486,993,993,verified,true,993,تسعمايه وثلاثه وتسعون ريال لا غير
ac03487,500,500,verified,true,500,خمسمايه ريالف فلا غير
ac03488,80,280,failed,true,280,ان وثمانون ريال فقط لا غير
ac03489,3320,3320,verified,true,3320,فقط ثلاثه الاف وثلاثمايه وعشرون ريال لا غير
ac03490,500,500,verified,true,500,خمسمايه ريال فقط لا غير
ac03491,12000,12000,verified,true,12000,اثني عشر الف ريال فقط لا غير
ac03492,1000,1080,failed,true,1080,الحف وان ريال لا غير
ac03493,2580,2580,verified,true,2580,فقط الفان وخمسمايه وثمانون ريال لا غير
ac03495,125,1125,failed,true,1125,فقده ومايه وخمسه وعشرون ريال لا غير
ac03496,2000,2000,verified,true,2000,الفان ريال قط لا غير
ac03497,1771,1771,verified,true,1771,الف وسبعمايه واحد وسبعون ريال لا غير
ac03498,30000,30000,verified,true,30000,ثلاثون الف ريال فقط
ac03500,50000,50000,verified,true,50000,خمسون الف ريال لا غير
ac03501,3000,3000,verified,true,3000,ثلاثه الاف ريال فقط
ac03503,50000,2240,failed,true,2240,الفان وثتان واربعون ريال فقطلا غير
ac03504,68000,68000,verified,true,68000,ثمانيه وستون الف ريال فقط لا غير
ac03505,2550,2550,verified,true,2550,فقط الفان وخمسمايه وخمسون ريال لا غير
ac03509,10000,10000,verified,true,10000,عشره الاف ريال فقط لا غير
ac03510,60000,60000,verified,true,60000,فقط سون الاف ريال لا غير
ac03511,15000,15000,verified,true,15000,فقط خمسه عشر الف ريال لا غير
ac03512,31086,31680,failed,true,31680,فقط واحد ثلاثون الفا وستاه وثمانون ريالا لا غير
ac03513,5076,5096,failed,true,5096,خمسه الاف وسته وسبعون ريال لا غير
ac03514,40000,40000,verified,true,40000,فقط اربعون الف ريال لا غير
ac03517,4514,4514,verified,true,4514,فقط اربعه الاف وخمسمايه واربعه عشر ريال لا غير
ac03518,500000,500000,verified,true,500000,فقط خمسايه الف ريال لا غير
ac03519,10000,10000,verified,true,10000,فقط عشره الف ريال لا غير
ac03520,10000,10000,verified,true,10000,فقط عشره الف ريال لا غير
ac03521,10000,10000,verified,true,10000,فقط عشره الف ريال لا غير
ac03528,2574,2574,verified,true,2574,الفان وخمسمايه واربع وسبعون ريالا لا غير
ac03529,5008,5200,failed,true,5200,خمسه الاف وماين ريال
ac03530,2850,2850,verified,true,2850,الفين وثمانمايه وخمسون ريال لا غير
ac03532,24000,24000,verified,true,24000,فقط اربعه وعشرون الف ريال لا غير
ac03534,10000,10000,verified,true,10000,وقدره عشره الاف ريال فقط لا غير
ac03535,24000,24000,verified,true,24000,فقط اربعه وعشرون الف ريال لا غير
ac03536,24000,24000,verified,true,24000,فقط اربعه وعشرون الف ريال لا غير
ac03537,10000,10000,verified,true,10000,عشره الاف ريال لا غير
ac03542,2010,2010,verified,true,2010,فقط الفان وعشره ريال لا غير
ac03543,1500,8500,failed,true,8500,وقدرثمانيه الاف وخمسمايه ريال لا غير
ac03544,3,3000,failed,true,3000,ثلاثه لاون ريال
ac03545,20000,20000,verified,true,20000,فقط عشرون الف ريال لا غير
ac03548,5145,5145,verified,true,5145,خمسه الاف ومايه وخمسه واربعون ريال
ac03550,53300,53300,verified,true,53300,فقط ثلاثه وخمسون الف وثلاثمايه ريال لا غير
ac03551,600,600,verified,true,600,ستمايه ريال فقط لا غير
ac03552,15800,15800,verified,true,15800,فقط خمسه عشر الف وثمانومايه ريال لا غير
ac03553,27900,27900,verified,true,27900,سبعه وعشرون الف وتسعمايه ريالا لا غير
ac03560,1100,1100,verified,true,1100,فقط الف ومايه ريال لا غير
ac03561,3600,3600,verified,true,3600,ثلاثه الاف وستمايه ريال لا غير
ac03562,25000,350000,failed,false,25000,فقط خمسه و عشرون لاف ريال لا غير
ac03563,10000,10000,verified,true,10000,فقط عشره الف ريال لا غير
ac03564,56,50000,failed,true,50000,فقط خمسون لع سا لا غير
ac03569,600,600,verified,true,600,ستمايه ريال لا غير
ac03570,10000,10000,verified,true,10000,عشره الاف ريال لا غير
ac03571,1150,1150,verified,true,1150,الف ومايه وخمسون ريال لا غير
ac03573,3914,3914,verified,true,3914,ثلاثه الاف وسعمايه واربع عشره ريال
ac03575,1000,2000,failed,true,2000,الف رياللا غير
ac03576,3894,3894,verified,true,3894,فقط ثلثه الاف وثمانمايه واربعه وتسعون ريال لا غير
ac03578,4899,4896,failed,false,4899,فقط اربعه الاف وثمانمايه وتسعه وتسعون ريال لا غير
ac03579,1000,2000,failed,true,2000,الفن ريال لا غير
ac03580,12500,12500,verified,true,12500,اثنا عشر الف وخمسمايه ريال لا غير
ac03582,1574,1574,verified,true,1574,الف وخمسمايه اربعه وسبعون ريال لا غير
ac03583,4034,4034,verified,true,4034,اربعه الاف واربعه وثلاثون ريال لا غير
ac03585,8000,80000,failed,true,80000,ثمانييه الف ريال فقط
ac03588,5000,5000,verified,true,5000,خمسه الاف ريال لا غير
ac03593,1867,1867,verified,true,1867,فقط الف وثمانمايه وسبعه وستون ريال لا غير
ac03598,15000,15000,verified,true,15000,خمسه عشر الف ريال فقط
ac03600,10000,20000,failed,false,10000,وقدره عشره الاف ريال فقط لا غير
ac03602,1000,1000,verified,true,1000,فقط الف ريال لا غير
ac03605,1500,1500,verified,true,1500,الف وخمسمايه ريال لا غير
ac03606,14040,14232,failed,true,14232,فقط اربعه عشر الف ومان واثنان وثلاثون ريال لا غير
ac03607,5050,5050,verified,true,5050,خمسه الاف وخمسون ريال لا غير
ac03613,3000,3000,verified,true,3000,ثلاثه الف ريال فقطا
ac03614,700000,400000,failed,true,400000,فقط ربعمايه الف ريال لا غير
ac03615,318000,318000,verified,true,318000,فقط ثلاثمايه وثمانيه عشر الف ريال لا غير
ac03616,4000,4000,verified,true,4000,اربعه الاف ريال لا غير
ac03620,80004,848,failed,true,848,فقط ثمانمايه مايه واربعن ريال لا غير
ac03622,2550,2550,verified,true,2550,فقط الفين وخمسمايه وخمسون ريال لا غير
ac03623,12000,12000,verified,true,12000,فقط اثنين عشره الف ريال لا غير
ac03626,30000,30000,verified,true,30000,فقط ثلاثون الف ريال لا غير
ac03628,10000,10000,verified,true,10000,فقط عشره الف ريال لا غير
ac03629,1500,1500,verified,true,1500,فقط الف وخمسمايه ريال غير
ac03631,,2000,failed,true,2000,وقدرهتسعين ريال لا غير
ac03633,68860,68850,failed,true,68850,فقط ثمانيه وستون الف وثمانمايه وسون ريالا لا غير
ac03635,1100,100000,failed,true,100000,فقط مانيه الف ريال لا غير
ac03638,6167,6167,verified,true,6167,سته الاف ومايه وسبعه وستون ريال
ac03639,1000,2000,failed,true,2000,فقط الفريال لا غير
ac03641,1667,1667,verified,true,1667,فقط الف وستمايه وسبعه وستون ريال لا غير
ac03643,40000,40000,verified,true,40000,فقط اربعون الف ريال لا غير
ac03644,70000,70000,verified,true,70000,سبعون الف ريال لا غير
ac03646,40100,140000,failed,true,140000,فقط مايه واربعون الف ريال لا غير
ac03647,1100,100000,failed,true,100000,مايه الف ريال لا غير
ac03648,2000,2000,verified,true,2000,الفين ريال فقط لا غير
ac03650,1000,10000,failed,true,10000,وقدرهعشره الاف ريال فقط لا غير
ac03652,7000,1000,failed,true,1000,الف ريال و سع ال
ac03653,2500,2500,verified,true,2500,فقط الفان وخمسمايه ريال لا غير
ac03660,22812,2814,failed,false,22812,فقط اثنان وعشرون ال وثمانمايه واثنا عشرن ريال لا غير
ac03664,9798,9798,verified,true,9798,تسعه الاف وسبعمايه وثمانيه وتسعون ريال فقط
ac03665,12400,22400,failed,true,22400,فقط اثنين وعشرن الف واربعمايه ريال لا غير
ac03669,5000,5000,verified,true,5000,فقط خمسه الف ريال لا غير
ac03673,3000,3000,verified,true,3000,فقط ثلاثه الاف ريال لا غير
ac03674,11260,11550,failed,false,11250,احد عشره الفا و مايتان و سعون ريال
ac03675,21300,121200,failed,true,121200,مايه واحدع وعشرون الف ومايتين ريال لا غير
ac03676,34000,34000,verified,true,34000,اربعه وثلاثون الف ريال لا غير
ac03677,2000,2000,verified,true,2000,الفان ريال لا غير
ac03679,2000,2000,verified,true,2000,الفان ريال لا غير
ac03680,3000,3000,verified,true,3000,ثلاثه الاف ريال فقط لا غير
ac03681,4800,4800,verified,true,4800,اربعه الف وثمانمايه ريال لا غير
ac03684,25000,25000,verified,false,250000,فقط خمسه عشرون الف ريال لا غير
ac03688,959,959,verified,true,959,تسعمايه وتسعه وخمسون ريال
ac03689,5000,5000,verified,true,5000,خمسه الاف ريال قط ا
ac03692,8000,100000,failed,true,100000,ثمانيه الف ريال فقط لا غير
ac03693,30000,3000,failed,false,30000,ثلاثون الف ريال فقط لا غير
ac03697,23809,3809,failed,false,23809,ثلاثه وعشرون الف وثمانمايه وسع ريال
ac03700,775,775,verified,true,775,سبعمايه وخمسه وسبعون ريال فقط
ac03701,1100,1100,verified,true,1100,فقط الف ومايه ريال لا غير
ac03706,4665,4665,verified,true,4665,اربعه الف وسته مايه وخمسه تون ريال لا غير
ac03707,10000,10000,verified,true,10000,عشره الاف ريال لا غير
ac03709,6218,6218,verified,true,6218,فقط سته الاف ومايتان وثمانه عشر ريال لا غير
ac03710,482,2480,failed,true,2480,اثفان واربعمايه وثمانون ريال فقط لا غير
ac03711,14164,14154,failed,true,14154,اربعه عشر الف ومايه واربعه و سون ريال لا غير
ac03712,23070,23090,failed,true,23090,فقط ثلاثه وعشرون الف وسبعون ريال
ac03718,2000,2000,verified,true,2000,الفين ريال لا غير
ac03722,60660,78560,failed,true,78560,قط ثمايه وستون الف وخمسمايه وستون ريال لا غير
ac03728,10000,10000,verified,true,10000,وقدر عشر الاف ريالا غير
ac03729,3000,3000,verified,true,3000,ثلاثه الاف ريال فقط
ac03730,1131,131,failed,false,1131,فقط الف ومايه وحد وثلاثون ريال لا غير
ac03734,10000,10000,verified,true,10000,وقدره عشره الاف ريال فقط لا غير
ac03735,25000,25000,verified,true,25000,فقط خمسه وعشرون الف ريال لا غير
ac03736,10000,10000,verified,true,10000,وقدره عشره الاف ريال فقط لا غير
ac03739,900,1900,failed,true,1900,فقط اي ان وتسعمايه ريال لا غير
ac03740,30000,30000,verified,true,30000,ثلاثون الف ريال لا غير
ac03741,1000,200000,failed,true,200000,فقط الف ريال لا غير
ac03743,1100,1100,verified,true,1100,الف ومايه ريال لا غير
ac03744,10000,10000,verified,true,10000,فقط عشره الف ريال لا غير
ac03751,1630,1630,verified,true,1630,الف وستمايه و ثاثون ريال لا غير
ac03753,25000,25000,verified,true,25000,خمسه وعشرون الف ريال فقط
ac03755,1600,1900,failed,true,1900,الف وتمايه ريال لا غير
ac03756,2050,2050,verified,true,2050,فقط الفان وخمسون ريال لا غير
ac03757,4008,4200,failed,true,4200,اربعه الاف ومان ريال قط
ac03758,13600,13600,verified,true,13600,ثلاثه عشر الف وستمايه ريال فقط
ac03759,3650,3650,verified,true,3650,ثلاثه الف وستمايه وخمسون ريال
ac03762,2400,247,failed,false,2400,الفين واربعمايه ريال لا غير
ac03768,824,824,verified,true,824,فقط ثمانمايه واربعه وعشرون ريال لا غير
ac03772,591,591,verified,true,591,خمسمايه واحد وتسعون ريال لا غير
ac03775,9453,9453,verified,true,9453,تسعه الاف واربعمايه وثلاثه وخمسون ريال
ac03776,680,680,verified,true,680,ستمايه وثمانون ريال لا غير
ac03778,15000,15000,verified,true,15000,فقط خمسه عشر الف ريال لا غير
ac03779,4537,4537,verified,true,4537,فقط اربعه الف وخمسمايه وسبعه وثلاثون ريال
ac03780,2500,2500,verified,true,2500,الفين وخمسمايه ريال لا غير
ac03781,10700,6070,failed,false,10700,عشره الاف وسبعمايه ريال لا غير
ac03785,490,450,failed,true,450,اربعمايه وتسعون ريال فقط لا غير
ac03787,1390,2390,failed,true,2390,الف وثلاثمايه وتسعون ريال لا غير
ac03789,8000,8000,verified,true,8000,ثمانه الاف ريال لا غير
ac03791,16000,16000,verified,true,16000,سته عشر الف ريال فقط
ac03794,10382,10382,verified,true,10382,عشره الاف وثلاثمايه واثنين وثمانون ريال لا غير
ac03795,1500,1500,verified,true,1500,فقط الف وخمسمايه ريال لا غير
ac03796,3000,3000,verified,true,3000,فقط ثلاثه الف ريال لا غير
ac03797,8700,10600,failed,false,108600,فقط مايه وثمانه الاف و ستمايه ريال لا غير
ac03799,80100,180000,failed,true,180000,مايه وثمانون الف ريال لا غير
ac03800,2980,2980,verified,true,2980,الفين وتسعمايه وثمانون ريال
ac03802,500,1500,failed,true,1500,وقدرهالف وخمسمايه ريال لا غير
ac03808,45910,45920,failed,true,45920,خمسه واربعون الف وتسعمايه وعشرن ريال
ac03809,2066,2660,failed,true,2660,فقط الفان وستاه وستون ريالا لا غير
ac03814,13365,13365,verified,true,13365,ثلاثه عشره الف وثلاثمايه وخمس وستون ريال
ac03815,900,900,verified,true,900,تسماليه ريال لا غير
ac03816,22000,22000,verified,true,22000,اثنان وعشرون الف ريال لا غير
ac03819,60000,700,failed,false,7000,فقط سعون الف ريال لا غير
ac03822,10120,10120,verified,true,10120,عشره الاف ومايه وعشرون ريال فقط
ac03823,6860,6860,verified,true,6860,سته الاف وثمانمايه وستون ريال
ac03826,3300,33000,failed,false,3300,فقط ثلاثه الاف وثلاثمايه ريال لا غير
ac03827,12383,12383,verified,true,12383,اثني عشر الف وثلاثمايه وثلاثه وثمانون ريال لا غير
ac03828,4260,4260,verified,true,4260,اربعه الاف ومايتان و ستون ريال لا غير
ac03831,471,471,verified,true,471,اربعمايه واحد وسبعون ريال فقط
ac03836,22000,22000,verified,true,22000,وقدره اثنان وعشرون الف ريال لا غير
ac03838,10000,10000,verified,true,10000,فقط عشره الف ريال لا غير
ac03842,7000,7000,verified,true,7000,فقط سبعه الاف ريال لا غير
ac03843,3000,3000,verified,true,3000,ثلاثه الاف ريال لا غير
ac03845,2000,3000,failed,true,3000,ثثنه الاف ريال
ac03846,18012,18480,failed,true,18480,ثمانيه عشر الف واربعاه وثمان ريال فقط لا غير
ac03847,6500,6500,verified,true,6500,فقط سته الاف وخمسمايه ريال لا غير
ac03849,2610,2610,verified,true,2610,الفين وستمايه وعشرن ريال
ac03855,11020,21222,failed,true,21222,احد وعشرن الف وماين واثن وعشر ريال فلا غير
ac03857,10550,46550,failed,true,46550,سته واربعه الف وخمسمايه وخمسون ريال لا غير
ac03858,755,755,verified,true,755,فقط سبعمايه وخمسه وخمسون ريال
ac03859,4500,4500,verified,true,4500,اربعه الاف وخمسمايه ريال ود ل
ac03862,1000,10,failed,false,1000,الف ريال لا غير
ac03863,40000,40000,verified,true,40000,اربعون الف ريال فقط لا غير
ac03866,5000,500,failed,false,5000,فقط خمسه الف ريال لا غير
ac03869,1500,6500,failed,false,1500,الف وخمسمايه ريال فقط لا غير
ac03870,1000,1000,verified,true,1000,فقط الف ريال لا غير
ac03873,500,500,verified,true,500,فقط خمسمايه ريال لا غير
ac03874,3200,30200,failed,true,30200,ثلاثوه الف ومايتن ريال فقط
ac03875,4500,4500,verified,true,4500,اربعه الاف ومسمايه ريال لا غير
ac03877,55500,55500,verified,true,55500,فقط خمسه وخمسون الف وخمسايه ريال لا غير
ac03878,1611,7911,failed,false,1911,الف وستمايه واحدي عشر ريال لا غير
ac03880,15050,15050,verified,true,15050,خمسه عشر الف وخمسون ريال لا غير
ac03881,1975,6975,failed,true,6975,فقط ه الاف وتسعمايه وخمسه وسبعون ريال لا غير
ac03882,1771,1771,verified,true,1771,فقط الف وسبعمايه واحد وسبعون ريال لا غير
ac03884,200000,200000,verified,true,200000,فقط مايتان الف ريال لا غير
ac03887,23909,23909,verified,true,23909,فقط ثلاثه وعشرون الف وتسعمايه وتسعه ريال لا غير
ac03888,1300,130,failed,false,1300,الف وثلاثمايه ريال لا غير
ac03891,3000,3000,verified,true,3000,فقط ثلاثه الاف ريال لا غير
ac03892,2000,2000,verified,true,2000,فقط الفان ريال لا غير
ac03895,620,720,failed,true,720,ستمايه وعشرون ريال لا غير
ac03899,3908,3935,failed,true,3935,فقط ثلاثه الاف وتسعمايه وخمسه ثلاثو ريال لا غير
ac03900,1600,11600,failed,false,1600,فقط الف وستمايه ريال لا غير
ac03901,30000,30000,verified,true,30000,فقط ثلاثون الف ريال لا غير
ac03903,15000,15000,verified,true,15000,خمسه عشره الف ريال لا غير
ac03905,4920,4920,verified,true,4920,فقط اربعه الاف وتسعمايه وعشرون ريال لا غير
ac03910,480000,480000,verified,true,480000,فقط اربعمايه وثمانون الف ريال لا غير
ac03911,5000,15000,failed,true,15000,خمسه الف ريال لا غير
ac03914,6450,6450,verified,true,6450,سته الاف واربعماه وخمسون ريال لا غير
ac03915,70000,70000,verified,true,70000,فقط سبعون الف ريال لا غير
ac03918,5000,5000,verified,true,5000,خمسه الاف ريال فقط لا غير
ac03921,6000,6000,verified,true,6000,سته الاف ريال فقط لا غير
ac03922,5511,5511,verified,true,5511,فقط خمسه الاف وخمسمايه واحد عشر ريالا لا غير
ac03923,6000,6000,verified,true,6000,سته الاف ريال لا غير
ac03928,5000,50000,failed,false,5000,خمسه الاف ريال فقط
ac03929,14122,14112,failed,true,14112,اربعه عشر الف ومايه واثن عشريل لا غير
ac03932,1500,1500,verified,true,1500,فقط الف وخمسمايه ريال لا غير
ac03936,500000,500000,verified,true,500000,خمسمايه الف ريال فقط لا غير
ac03937,30100,130000,failed,true,130000,فقط مايه وثلاثون الف ريال لا غير
ac03938,9,900,failed,true,900,تسع ريال فقط لا غير
ac03939,1300,1300,verified,true,1300,الف وثلاثمايه ريال
ac03940,1000,3000,failed,true,3000,وقدرهثلاه الاف ريال
ac03941,3000,3000,verified,true,3000,ثلاثه الاف ريال فقط لا غير
ac03943,50000,50000,verified,true,50000,خمسون الف ريال فقط لا غير
ac03945,1461,1461,verified,true,1461,فقط الف واربعمايه واحد وستون ريال لا غير
ac03946,10150,10150,verified,true,10150,عشره الف ومايه وخمسون ريال فقط لا غير
ac03947,3585,3585,verified,true,3585,فقط ثلاثه الف وخمسمايه وخمسه وثمانون ريال لا غير
ac03948,1283,1283,verified,true,1283,الف ومايتان وثلاثه وثمانون ريالا لا غير
ac03952,10000,10000,verified,true,10000,عشره الاف ريال فقط لا غير
ac03955,2850,2850,verified,true,2850,فقط الفان وثمانمايه وخمسون ريال لا غير
ac03958,20000,10000,failed,true,10000,عشرون الف ريال فقط
ac03959,20000,20000,verified,true,20000,عشرون الف ريال لا غير
ac03962,3350,3350,verified,true,3350,فقط ثلاثه الاف وثلاثمايه وخمسون ريال
ac03964,2000,2000,verified,true,2000,فقط الفين ريال لا غير
ac03967,4960,4960,verified,true,4960,اربعه الاف وتسعمايه وستون ريال لا غير
ac03975,2600,2600,verified,true,2600,الفين ستمايه ريال لا غير
ac03976,2073,2073,verified,true,2073,الفان وثلاثه وسبعون ريال لا غير
ac03979,15000,15000,verified,true,15000,فقط خمسه عشر الف ريال لا غير
ac03983,15000,15000,verified,true,15000,فقط خمسه عشره الاف ريال لا غير
ac03984,10100,110000,failed,true,110000,مايه وعشره الاف ريال لا غير
ac03986,11000,11000,verified,true,11000,احد عشر الف ريال لا غير
ac03987,400000,400000,verified,true,400000,اربعمايه الف ريال فقط لا غير
ac03989,1500,1500,verified,true,1500,الف وخمسمايه ريال لا غير
ac03990,6000,6000,verified,true,6000,سته الاف ريال لا غير
ac03991,6151,9651,failed,true,9651,فقط سته الف ومايه واحد وخمسون ريال لا غير
ac03994,35400,35400,verified,true,35400,فقط خمسه وثلاثون الف واربعمايه ريال لا غير
ac03995,17500,17500,verified,true,17500,فقط سبعه عشر الف وخمسمايه ريال لا غير
ac03996,10000,10000,verified,true,10000,فقط عشره الاف ريال لا غير
ac03997,1063,3360,failed,true,3360,ثه الف وثلاثاه وستون ريال فقط لا غير
ac03998,1070,1070,verified,true,1070,الف وسبعون ريال فقط لا غير
ac04000,40000,40000,verified,true,40000,اربعون الف رياللا غير
ac04002,1500,1500,verified,true,1500,الف وخمسمايه ريال
ac04004,1275,1275,verified,true,1275,الف وميتان وخمس وسبعون ريال فقط
ac04005,2100,2100,verified,true,2100,قطه الفان ومايه ريال لا غير
ac04007,1000,2000,failed,true,2000,فقط الف ان ريال لا غير
ac04008,5000,10000,failed,true,10000,فقط خمسه الف ريال لا غير
ac04010,720,720,verified,true,720,فقط سبعمايه وعشرون ريال
ac04012,2000,2000,verified,true,2000,الفين ن ريال لا غير
ac04015,26306,26306,verified,true,26306,سته وعشرون الف وثلاثمايه وسته ريال لا غير
ac04017,10337,10337,verified,true,10337,شره الاف وثلاثمايه وسبعه وثلاثون ريال لا غير
ac04020,4900,4900,verified,true,4900,اربعه الاف وتسعمايه ريال لا غير
ac04021,4000,4000,verified,true,4000,فقط اربعه الاف ريال لا غير
ac04022,4000,400,failed,false,4000,اربعه الاف ريال لا غير
ac04023,5000,500,failed,false,5000,خمسه الاف يا
ac04024,,40300,failed,true,40300,فقطيه و ا يا ل لا غير
ac04027,1670,1670,verified,true,1670,فقط الف وستمايه وسبعون ريال لا غير
ac04031,500,500,verified,true,500,خمس مايه ريال فقط
ac04033,6500,6500,verified,true,6500,سته الف وخمسمايه ريال فقط لا غير
ac04035,4000,4000,verified,true,4000,فقط اربعه الاف ريال
ac04036,15000,715000,failed,false,15000,خمسه عشر الف ريال فقط
ac04039,2650,2650,verified,true,2650,الفين وستمايه وخمسون ريال لا غير
ac04041,75100,175000,failed,true,175000,مايت وخمسه وسبعون الف ريال لا غير
ac04043,4500,450000,failed,true,450000,فقط اربعه الف وخمسمايه ريال لا غير
ac04045,900,900,verified,true,900,فقط تسعمايه ريال
ac04047,1000,2000,failed,true,2000,الف يريال
ac04048,1828,1828,verified,true,1828,وقاحد الف وثمانمايه وثمانيه وعشرون ريال لا غير
ac04049,7000,57000,failed,false,7000,سبعه الاف ريال لا غير
ac04052,6000,6000,verified,true,6000,سته الاف ريال
ac04055,1882,1882,verified,true,1882,الف وثمانمايه واثنان وثمانون ريال
ac04056,3180,3180,verified,true,3180,ثلاثه الاف ومايه وثمانون ريال لا غير
ac04057,5000,5000,verified,true,5000,فقط خمسه الاف ريال لا غير
ac04058,97000,97000,verified,true,97000,سبعه وتسعون الف ريال
ac04059,17179,17679,failed,true,17679,سبعه عشر الف وسمايه وسعه وسبعون ريال فقط
ac04061,5110,5682,failed,true,5682,وقدره خمسه الاف و سمايه واثنان وثمان ريال لا غير
ac04065,1000,3000,failed,true,3000,وقدرهثلاثه الاف ريال لا غير
ac04066,20000,20000,verified,true,20000,عشرون الف ريال
ac04067,7350,7350,verified,true,7350,سبعه الف وثلاثمايه وخمسون ريال فقط
ac04068,1190,1190,verified,true,1190,فقط الف ومايه وتسعون ريال
ac04069,1855,1855,verified,true,1855,الف وثمانمايه وخمسه وخمسون ريال
ac04072,50,550000,failed,false,50000,فقط خمسوان ريال لا غير
ac04073,4680,4680,verified,true,4680,اربعه الاف وستمايه وثمانون ريال لا غير
ac04075,30544,30544,verified,true,30544,ثلاثون الاف و خمسمايه واربعه واربعون ريال
ac04077,2990,2979,failed,true,2979,الفين وتسعمايه وتسعوون ريال فقط
ac04082,450,400,failed,false,45000,فقط اربعمايه وخمسون ريال
ac04084,,900,failed,true,900,ين ريال لا غير
ac04087,2000,2000,verified,true,2000,فقط الفانن ريال
ac04088,555,559,failed,false,555,خمسمايه وخمسه وخمسون ريال فقط
ac04089,60000,20000,failed,true,20000,شاون الف ريال فقط
ac04095,18000,18000,verified,true,18000,ثمانيه عشره الف ريال لا غير
ac04100,1000,1000,verified,true,1000,فقط الف ريال لا غير
ac04101,50000,80000,failed,true,80000,خمسرون الف ريال لا غير
ac04106,15000,15000,verified,true,15000,فقط خمسه عشر الف ريال لا غير
ac04108,1500,2500,failed,true,2500,الف وخمسمايه ريال فقط لا غير
ac04109,2511,2511,verified,true,2511,الفان وخمسمايه واحد عه شر ريال لا غير
ac04110,209,2199812128,failed,false,209,مايتان واتسعه ريال لا غير
ac04113,1984,100884,failed,true,100884,مايه الف وثمان ومايه واربع وثمانون ريال لا غير
ac04115,10000,10000,verified,true,10000,عروه الاف ريال
ac04116,67728,67728,verified,true,67728,فقط سبعه وستون الف وسبعماه وثمانه وعشرون ريال لا غير
ac04121,1600,1600,verified,true,1600,الف وستمايه ريال لا غير
ac04122,1000,1000,verified,true,1000,الف ريال فقط لا غير
ac04126,3600,3600,verified,true,3600,ثلاثه الاف وستمايه ريال فقط لا غير
ac04127,3000,3000,verified,true,3000,ثلاثه لاف ريال لا غير
ac04132,2495,2495,verified,true,2495,الفان واربعمايه وخمسه وتسعون ريال
ac04134,10000,10000,verified,true,10000,عشره الاف ريال لا غير
ac04139,12000,12000,verified,true,12000,فقط اثي عشر الف ريال لا غير
ac04140,35000,35000,verified,true,35000,فقط خمسه وثلاثون الف ريال لا غير
ac04143,51250,51250,verified,true,51250,واحد وخمسون الف ومايتان وخمسون ريال
ac04145,338,338,verified,true,338,ثلاثمايه وثمانيه وثلاثون ريال سعو
ac04148,10000,10000,verified,true,10000,عشره الاف ريال فقط لا غير
ac04149,1100,100000,failed,true,100000,فقط مايه الف ريال لا غير
ac04152,50000,50000,verified,true,50000,خمسون الف ريال لا غير
ac04153,8000,8000,verified,true,8000,فقط ثمانيه الاف ريال لا غير
ac04154,4000,4000,verified,true,4000,اربعه الاف ريال فقط
ac04157,2232,2232,verified,true,2232,فقط الفان وميتان واثنين وثلاثون ريال لا غير
ac04159,2880,2880,verified,true,2880,الفان وثمانمايه وثمانون
ac04162,30000,30000,verified,true,30000,ثلاثون الف ريال لا غير
ac04163,990,990,verified,true,990,فقط تسعمايه و تسعون لا غير
ac04164,4440,44440,failed,false,4440,اربعه الاف واربعمايه واربعون رياللا
ac04165,12642,12642,verified,true,12642,اثنا عشر الف وستمايه واثنان واربعون ريال
ac04166,30000,30000,verified,true,30000,وقدره ثلاثون الف ريال
ac04167,1610,3618,failed,false,1618,فقط الف وستاه وثمايه وعشر ريال لا غير
ac04171,2424,2444,failed,false,2424,فقط الفين واربعمايه اربعه وعشرون ريال لا غير
ac04177,947,947,verified,true,947,تسعمايه وسبعه واربعون ريال لا غير
ac04178,3800,3800,verified,true,3800,ثلاثه الاف وثمانمايه ريال فقط ا غير
ac04179,18100,18100,verified,true,18100,فقط ثمانيه عشر الف ومايه ريال لا غير
ac04180,5700,5700,verified,true,5700,خمسه الاف وسبعمايه ريال فقط
ac04181,672,673,failed,false,672,فقط ستمايه واثنان وسبعون ريال لا غير
ac04183,2224,2224,verified,true,2224,فقط الفان و ميتان و اربعه وعشرون ريال لا غير
ac04184,15000,15000,verified,true,15000,خمسه عشر الف ريال فقط لا غير
ac04185,10000,1000,failed,false,10000,عشره الاف ريال فقط لا غير
ac04186,169,165,failed,true,165,مانيه وتسع وسون ريال لا غير
ac04188,1066,5363,failed,true,5363,سه الاف وثلاثا وثلاثه وستون ريال
ac04195,740,740,verified,true,740,سبعمايه واربعين ريال لا غير
ac04198,6726,6726,verified,true,6726,فقط سته الاف وسبعمايه وسته وعشرون ريال لا غير
ac04200,6004,6004,verified,true,6004,فقط سته الاف واربعه ريالا لا غير
ac04202,,2000,failed,true,2000,وقدر تلسفن ريال لا غير
ac04203,360,360,verified,true,360,ثلاثمايه وستون ريالا فقط
ac04206,1920,1920,verified,true,1920,الف وتسعمايه وعشرون ريال لا غير
ac04207,4900,4900,verified,true,4900,فقط اربعه الاف وتسعمايه ريال لا غير
ac04209,1000,8000,failed,true,8000,وقدرهثمانه الاف ريال لا غير
